{"stat.walkOneCm":8338,"stat.useItem.oneblock.obanalyzer":2,"stat.leaveGame":6,"stat.pickup.minecraft.anvil":2,"stat.useItem.oneblock.obmaker":1,"stat.drop.minecraft.dirt":1,"stat.mineBlock.minecraft.log":2,"stat.useItem.minecraft.anvil":3,"stat.flyOneCm":44671,"stat.drop":5,"stat.jump":19,"stat.playOneMinute":48291,"stat.sneakTime":1199,"stat.crouchOneCm":435,"stat.drop.minecraft.anvil":3,"stat.timeSinceDeath":48291,"stat.useItem.minecraft.dirt":120,"stat.pickup.minecraft.dirt":1,"stat.sprintOneCm":1952,"stat.mineBlock.minecraft.dirt":3,"stat.useItem.minecraft.stone_slab2":41,"stat.drop.minecraft.grass":1}